Road_ID,Length,Numberof_Bends,Trafficvolume,AccidentRisk
R0001,Short,High,Low,Medium
R0002,Medium,Moderate,Low,Medium
R0003,Short,High,Medium,Medium
R0004,Long,Moderate,High,Medium
R0005,Long,High,Medium,High
R0006,Long,Low,Medium,Medium
R0007,Medium,Low,Medium,Medium
R0008,Short,High,Medium,Medium
R0009,Medium,Low,Low,Low
R0010,Short,Moderate,High,Medium
R0011,Medium,Low,Medium,Low
R0012,Long,Low,Medium,Medium
R0013,Short,Low,High,Low
R0014,Long,Low,Low,Medium
R0015,Long,Low,High,High
R0016,Short,Low,Low,Low
R0017,Medium,Moderate,Medium,Medium
R0018,Medium,Low,Medium,Medium
R0019,Long,High,High,High
R0020,Long,Low,High,High
R0021,Short,High,Medium,Low
R0022,Long,Low,High,Medium
R0023,Long,High,Low,Medium
R0024,Medium,Low,Low,Low
R0025,Medium,Low,Medium,Medium
R0026,Medium,High,Low,Medium
R0027,Long,Low,High,High
R0028,Medium,Moderate,Medium,Medium
R0029,Short,Low,Low,Low
R0030,Long,Moderate,Medium,Low
R0031,Short,High,Low,Medium
R0032,Medium,Low,Medium,Medium
R0033,Medium,High,Low,Low
R0034,Short,Moderate,Low,Low
R0035,Medium,Moderate,Medium,Low
R0036,Medium,Moderate,Medium,Medium
R0037,Short,Low,Medium,Low
R0038,Medium,High,Medium,High
R0039,Short,Moderate,High,Medium
R0040,Short,Moderate,High,High
R0041,Long,Moderate,Low,Medium
R0042,Short,Low,Medium,Medium
R0043,Medium,Low,Low,Low
R0044,Long,Moderate,Medium,Medium
R0045,Medium,Moderate,Medium,Medium
R0046,Long,Moderate,Medium,High
R0047,Long,Moderate,Low,Medium
R0048,Medium,High,High,High
R0049,Short,Moderate,Medium,Medium
R0050,Medium,Low,High,Medium
R0051,Short,Low,High,Low
R0052,Long,Moderate,Medium,Medium
R0053,Short,Low,High,Low
R0054,Medium,Low,Low,Medium
R0055,Medium,Low,Low,Medium
R0056,Medium,Low,Medium,Medium
R0057,Medium,High,Medium,High
R0058,Long,Low,Medium,Low
R0059,Medium,Low,Medium,Medium
R0060,Short,Low,Medium,Low
R0061,Medium,Low,Low,Low
R0062,Medium,Moderate,High,Medium
R0063,Short,Moderate,High,Medium
R0064,Medium,Moderate,Medium,Medium
R0065,Short,Moderate,Low,Low
R0066,Long,Moderate,High,High
R0067,Short,Low,Low,Low
R0068,Medium,Moderate,High,Medium
R0069,Medium,Low,Low,High
R0070,Medium,Low,Medium,Low
R0071,Short,Low,Medium,Low
R0072,Short,Moderate,Medium,Medium
R0073,Medium,Moderate,Medium,Low
R0074,Medium,Low,Low,Medium
R0075,Long,High,Medium,High
R0076,Medium,Moderate,Medium,Medium
R0077,Medium,Low,Medium,Medium
R0078,Medium,Low,Medium,Low
R0079,Long,High,Low,Medium
R0080,Short,Moderate,Low,Low
R0081,Short,Moderate,High,Low
R0082,Medium,High,Medium,Medium
R0083,Short,Low,Low,Low
R0084,Short,Moderate,Medium,Low
R0085,Short,High,Medium,Medium
R0086,Medium,Moderate,High,Medium
R0087,Short,Moderate,Medium,Low
R0088,Short,Low,Low,Low
R0089,Medium,High,Medium,Medium
R0090,Short,High,Low,Medium
R0091,Short,Moderate,Medium,Medium
R0092,Short,Low,Medium,Low
R0093,Long,Low,High,Medium
R0094,Medium,Low,Low,Low
R0095,Long,Low,High,Medium
R0096,Short,Moderate,Low,Low
R0097,Medium,Low,Low,Low
R0098,Medium,Low,Medium,Medium
R0099,Long,Low,Low,Medium
R0100,Medium,Moderate,Medium,High
R0101,Long,Low,Low,Low
R0102,Short,Low,Medium,Low
R0103,Medium,Moderate,High,High
R0104,Long,Moderate,Low,Medium
R0105,Long,Moderate,Low,Medium
R0106,Medium,Moderate,Medium,Medium
R0107,Medium,Low,Low,Low
R0108,Long,Moderate,High,High
R0109,Medium,High,High,Medium
R0110,Short,Moderate,High,Medium
R0111,Short,Moderate,Medium,High
R0112,Medium,Low,Medium,Medium
R0113,Short,Moderate,Medium,Medium
R0114,Short,Moderate,Low,Low
R0115,Long,Low,Medium,Medium
R0116,Short,Moderate,Low,Low
R0117,Long,High,Low,Medium
R0118,Short,Low,Medium,Low
R0119,Short,Moderate,Medium,Low
R0120,Long,High,Low,Low
R0121,Short,Moderate,Low,Low
R0122,Short,High,Low,Low
R0123,Short,Low,Low,Low
R0124,Medium,Moderate,Medium,Medium
R0125,Medium,High,High,High
R0126,Long,High,Low,High
R0127,Short,Moderate,High,Low
R0128,Short,Moderate,Medium,Medium
R0129,Medium,Low,Medium,Medium
R0130,Long,Low,Low,Low
R0131,Long,Low,Medium,Medium
R0132,Short,High,Medium,Medium
R0133,Long,Low,Medium,Medium
R0134,Medium,High,Medium,Medium
R0135,Medium,Low,Low,Low
R0136,Short,Low,Medium,Low
R0137,Long,Low,High,Medium
R0138,Short,High,Medium,Low
R0139,Long,Low,Low,Low
R0140,Medium,Low,Medium,Medium
R0141,Short,Low,Medium,Medium
R0142,Short,High,Low,Medium
R0143,Medium,High,Medium,Medium
R0144,Long,High,High,High
R0145,Medium,High,Medium,Medium
R0146,Medium,Low,Low,Low
R0147,Long,Low,High,Medium
R0148,Medium,Moderate,High,Medium
R0149,Long,Low,Medium,High
R0150,Medium,Moderate,High,Medium
R0151,Long,Low,Low,Low
R0152,Medium,Low,Medium,Medium
R0153,Short,High,Low,Low
R0154,Medium,High,Medium,Medium
R0155,Medium,High,Medium,High
R0156,Long,Moderate,Medium,Medium
R0157,Short,High,Medium,Low
R0158,Short,Moderate,High,Medium
R0159,Medium,High,Low,Low
R0160,Long,Low,High,Medium
R0161,Long,Low,Low,Low
R0162,Medium,High,Medium,High
R0163,Long,Low,Medium,Medium
R0164,Short,Low,Medium,Low
R0165,Short,High,Medium,Medium
R0166,Long,Low,High,Medium
R0167,Long,Moderate,High,Medium
R0168,Long,Low,High,Medium
R0169,Medium,High,Medium,Medium
R0170,Medium,Moderate,Medium,Medium
R0171,Short,Moderate,High,Medium
R0172,Long,Low,Medium,Low
R0173,Medium,Low,Low,Medium
R0174,Short,Moderate,Medium,Low
R0175,Long,High,Medium,High
R0176,Long,Moderate,Medium,Low
R0177,Medium,Moderate,High,Low
R0178,Medium,Moderate,Medium,Low
R0179,Medium,Low,High,Medium
R0180,Short,Low,Low,Low
R0181,Long,High,High,High
R0182,Long,High,Medium,High
R0183,Long,Low,High,High
R0184,Short,Low,Medium,Low
R0185,Short,High,Medium,Low
R0186,Medium,Moderate,Low,Low
R0187,Short,Moderate,Medium,Low
R0188,Short,Low,Low,Low
R0189,Medium,Low,Medium,Medium
R0190,Short,Low,High,Low
R0191,Short,High,High,Medium
R0192,Medium,Moderate,Low,Medium
R0193,Short,Low,Medium,Low
R0194,Long,Moderate,Medium,Medium
R0195,Long,High,Low,Medium
R0196,Medium,Low,Medium,Medium
R0197,Short,Moderate,Medium,Medium
R0198,Short,Moderate,Medium,Medium
R0199,Long,Moderate,High,High
R0200,Short,High,Low,Medium
R0201,Short,Low,High,Low
R0202,Medium,Moderate,Medium,Medium
R0203,Long,Moderate,Medium,Medium
R0204,Short,High,High,Medium
R0205,Long,Moderate,High,High
R0206,Long,Moderate,High,High
R0207,Long,Moderate,Low,Medium
R0208,Long,Moderate,High,High
R0209,Short,Moderate,Low,High
R0210,Short,Moderate,High,Medium
R0211,Long,Moderate,High,Medium
R0212,Medium,Low,Medium,Medium
R0213,Long,Moderate,Medium,Medium
R0214,Short,High,Medium,High
R0215,Short,Moderate,Medium,Low
R0216,Medium,High,Medium,Medium
R0217,Medium,Low,Medium,Medium
R0218,Long,High,Medium,Medium
R0219,Short,Moderate,High,Medium
R0220,Medium,Moderate,Medium,Medium
R0221,Medium,High,Medium,Medium
R0222,Long,Low,Medium,Low
R0223,Long,Low,Medium,Medium
R0224,Short,Moderate,Medium,Low
R0225,Short,Moderate,High,Medium
R0226,Medium,Low,Medium,Low
R0227,Long,High,High,High
R0228,Medium,Low,Medium,Low
R0229,Short,Low,Medium,Low
R0230,Long,High,Low,Medium
R0231,Short,Moderate,Low,Low
R0232,Medium,Moderate,Medium,High
R0233,Medium,Moderate,Medium,Low
R0234,Medium,High,High,High
R0235,Long,Moderate,Medium,Low
R0236,Long,High,High,High
R0237,Short,Moderate,Low,Medium
R0238,Long,Low,Medium,Low
R0239,Medium,Low,Medium,Low
R0240,Medium,Low,Medium,Medium
R0241,Short,High,Medium,Medium
R0242,Long,Low,Low,Low
R0243,Long,Moderate,Low,Medium
R0244,Short,Low,High,Medium
R0245,Medium,Moderate,Low,Medium
R0246,Long,Low,Low,Low
R0247,Long,Moderate,Low,Low
R0248,Short,Low,High,High
R0249,Long,Low,Low,Low
R0250,Long,Low,High,High
R0251,Medium,High,High,Medium
R0252,Medium,Low,Low,Low
R0253,Long,High,Low,Medium
R0254,Long,Moderate,Medium,High
R0255,Long,Moderate,Low,Low
R0256,Medium,Moderate,High,Medium
R0257,Long,Low,Medium,Medium
R0258,Short,Moderate,High,Medium
R0259,Medium,Moderate,Medium,High
R0260,Long,Low,Low,Low
R0261,Short,High,High,High
R0262,Short,Low,Medium,Low
R0263,Short,Moderate,Medium,Medium
R0264,Short,Moderate,Low,Low
R0265,Long,Low,Low,Low
R0266,Short,Low,Medium,High
R0267,Medium,Moderate,Medium,Low
R0268,Short,High,High,High
R0269,Medium,Moderate,High,High
R0270,Short,Moderate,Medium,Low
R0271,Long,High,Medium,Medium
R0272,Long,High,High,High
R0273,Short,Low,Medium,Low
R0274,Medium,Low,Medium,Medium
R0275,Short,Low,Low,Low
R0276,Long,High,High,High
R0277,Medium,Moderate,High,Medium
R0278,Short,Low,High,Medium
R0279,Long,Low,Medium,Medium
R0280,Long,High,High,Medium
R0281,Medium,Low,Medium,Medium
R0282,Long,Low,Low,Medium
R0283,Medium,High,High,High
R0284,Short,High,Low,Low
R0285,Long,High,High,Medium
R0286,Medium,High,High,High
R0287,Short,Moderate,Medium,Medium
R0288,Long,Moderate,Medium,Medium
R0289,Short,Low,High,Medium
R0290,Long,Moderate,High,Low
R0291,Long,High,Low,Medium
R0292,Short,Low,High,Medium
R0293,Short,High,High,High
R0294,Medium,Moderate,Low,Medium
R0295,Medium,Moderate,Medium,Low
R0296,Long,Low,High,Medium
R0297,Short,Moderate,Medium,Low
R0298,Short,Low,Medium,Low
R0299,Short,Low,High,Low
R0300,Long,Moderate,Low,Medium
R0301,Long,Low,High,Medium
R0302,Short,High,Low,Low
R0303,Short,Moderate,Low,Medium
R0304,Short,High,Low,Low
R0305,Long,Low,Low,Low
R0306,Short,Low,High,Low
R0307,Long,Moderate,Medium,Medium
R0308,Short,Moderate,High,Medium
R0309,Medium,Low,High,Low
R0310,Medium,Low,Medium,Low
R0311,Medium,Moderate,High,Medium
R0312,Short,High,High,High
R0313,Long,Low,High,Medium
R0314,Long,High,Low,High
R0315,Medium,Low,Low,Low
R0316,Long,High,Medium,High
R0317,Medium,Moderate,Medium,Medium
R0318,Long,Moderate,Medium,Medium
R0319,Short,Moderate,Low,Low
R0320,Long,Moderate,High,High
R0321,Medium,Moderate,Medium,Medium
R0322,Long,Moderate,High,High
R0323,Long,High,Low,High
R0324,Short,Moderate,Medium,Medium
R0325,Short,Low,High,Medium
R0326,Medium,Moderate,High,Medium
R0327,Short,Moderate,High,Medium
R0328,Long,Moderate,Low,High
R0329,Short,High,Low,Low
R0330,Long,Low,High,Medium
R0331,Medium,Moderate,Low,Medium
R0332,Long,Low,High,High
R0333,Medium,High,Medium,Medium
R0334,Long,Low,High,High
R0335,Medium,Moderate,Medium,Medium
R0336,Medium,Moderate,High,High
R0337,Medium,Low,Low,Low
R0338,Long,High,High,High
R0339,Medium,High,Low,Low
R0340,Short,Low,Low,Medium
R0341,Long,Moderate,Medium,Low
R0342,Medium,High,Medium,High
R0343,Medium,Moderate,Low,Low
R0344,Short,Moderate,Low,Low
R0345,Long,High,Medium,High
R0346,Short,Moderate,Medium,Low
R0347,Medium,Low,Medium,Low
R0348,Long,High,Low,Medium
R0349,Long,Moderate,Medium,Low
R0350,Medium,High,Medium,Medium
R0351,Medium,Moderate,Medium,Low
R0352,Short,High,Medium,Low
R0353,Medium,Low,High,Medium
R0354,Short,Moderate,Low,Low
R0355,Short,Moderate,Medium,Medium
R0356,Long,High,Medium,High
R0357,Long,Moderate,High,High
R0358,Short,High,Low,Low
R0359,Long,Moderate,Low,Medium
R0360,Long,Low,Low,Low
R0361,Medium,Moderate,Medium,Low
R0362,Medium,Low,Low,Low
R0363,Short,High,Medium,Low
R0364,Long,Low,High,High
R0365,Short,Low,High,Medium
R0366,Medium,Low,Low,Low
R0367,Short,Low,High,Low
R0368,Short,High,Low,Medium
R0369,Long,Moderate,Medium,Medium
R0370,Long,Low,Medium,Medium
R0371,Short,Low,Medium,Low
R0372,Short,Moderate,Medium,Medium
R0373,Short,Low,High,Low
R0374,Short,Low,Medium,Medium
R0375,Medium,Low,Low,Low
R0376,Medium,Moderate,High,High
R0377,Medium,Low,Medium,Medium
R0378,Long,Low,High,Medium
R0379,Long,Moderate,Medium,Medium
R0380,Short,Moderate,Medium,Medium
R0381,Short,Low,Medium,Low
R0382,Long,Moderate,Medium,Medium
R0383,Medium,Moderate,Low,Medium
R0384,Long,Low,Low,Low
R0385,Short,Moderate,Medium,Medium
R0386,Short,Low,Medium,Low
R0387,Long,Low,Medium,Medium
R0388,Medium,Moderate,Medium,Medium
R0389,Medium,Moderate,High,Medium
R0390,Medium,Low,High,Low
R0391,Short,High,Low,High
R0392,Medium,Low,Low,Low
R0393,Long,Moderate,Medium,Medium
R0394,Medium,High,Low,Medium
R0395,Long,Moderate,Low,Low
R0396,Medium,Low,High,Medium
R0397,Short,High,Medium,Medium
R0398,Short,Moderate,Medium,Low
R0399,Long,Moderate,Low,Medium
R0400,Short,Low,Medium,Medium
R0401,Medium,Moderate,Medium,High
R0402,Long,Low,Medium,Medium
R0403,Medium,High,Medium,High
R0404,Short,High,Low,Medium
R0405,Short,Moderate,Medium,Medium
R0406,Short,Moderate,Low,Low
R0407,Short,Low,Low,High
R0408,Short,High,Low,Low
R0409,Medium,High,Medium,High
R0410,Medium,Moderate,Low,Low
R0411,Long,Moderate,High,High
R0412,Long,High,High,High
R0413,Short,Moderate,Low,Low
R0414,Short,Moderate,Medium,Low
R0415,Medium,Low,Medium,Low
R0416,Medium,Moderate,Medium,High
R0417,Long,Moderate,High,High
R0418,Short,Low,Low,Medium
R0419,Medium,Moderate,Medium,Low
R0420,Short,Low,Low,High
R0421,Short,Moderate,High,Medium
R0422,Long,Moderate,Low,Medium
R0423,Short,High,Medium,Medium
R0424,Long,High,Medium,High
R0425,Medium,Low,Medium,Low
R0426,Medium,Moderate,Low,Low
R0427,Short,Moderate,Medium,Low
R0428,Short,Moderate,Medium,Medium
R0429,Medium,High,Medium,Medium
R0430,Short,Low,Low,Low
R0431,Short,Moderate,Medium,Low
R0432,Long,Moderate,Low,High
R0433,Medium,Low,Medium,Low
R0434,Long,Low,Medium,Medium
R0435,Short,Moderate,High,Medium
R0436,Long,Low,Medium,Medium
R0437,Short,High,High,Low
R0438,Medium,Low,Medium,Low
R0439,Medium,Moderate,High,Medium
R0440,Short,Moderate,High,Medium
R0441,Short,High,Medium,Medium
R0442,Long,Low,High,High
R0443,Short,High,Low,Low
R0444,Medium,Moderate,High,High
R0445,Medium,High,Medium,High
R0446,Short,Low,High,Medium
R0447,Medium,High,High,High
R0448,Medium,Moderate,Low,Medium
R0449,Medium,Moderate,Medium,Medium
R0450,Medium,High,Medium,High
R0451,Short,Moderate,High,Medium
R0452,Short,Low,Medium,Medium
R0453,Medium,Moderate,Low,Medium
R0454,Short,Low,Medium,Low
R0455,Medium,High,Low,Medium
R0456,Short,Low,Medium,Low
R0457,Medium,Low,Medium,Medium
R0458,Long,High,Low,Medium
R0459,Medium,High,Medium,High
R0460,Short,Low,Medium,High
R0461,Short,Low,Medium,Low
R0462,Short,Low,Medium,Low
R0463,Short,Moderate,Medium,Low
R0464,Long,High,Low,Medium
R0465,Medium,High,High,Low
R0466,Medium,High,Low,Medium
R0467,Short,Moderate,Low,Low
R0468,Medium,Low,Low,Low
R0469,Short,High,High,High
R0470,Long,Moderate,High,Medium
R0471,Long,Moderate,Medium,High
R0472,Medium,Moderate,High,Medium
R0473,Long,Moderate,High,High
R0474,Short,High,Medium,Medium
R0475,Medium,Low,High,Medium
R0476,Long,High,Medium,Medium
R0477,Short,High,High,High
R0478,Short,Moderate,High,High
R0479,Short,High,High,Medium
R0480,Medium,Low,Low,Low
R0481,Short,Moderate,Medium,Low
R0482,Short,Moderate,Low,Low
R0483,Short,High,Medium,Medium
R0484,Medium,High,High,Medium
R0485,Medium,Moderate,Low,Low
R0486,Short,Moderate,Medium,Low
R0487,Short,Moderate,Low,Low
R0488,Short,High,Low,Medium
R0489,Short,Moderate,Medium,High
R0490,Long,Moderate,Low,Medium
R0491,Medium,Moderate,Low,Low
R0492,Medium,Low,Low,Low
R0493,Short,Moderate,High,Medium
R0494,Long,Low,Low,Medium
R0495,Long,Moderate,Medium,Medium
R0496,Medium,Low,Low,Low
R0497,Medium,Low,Low,Medium
R0498,Medium,Moderate,Medium,Low
R0499,Short,High,Medium,Medium
R0500,Medium,Low,Medium,Low
R0501,Short,Low,High,Medium
R0502,Long,Low,High,Medium
R0503,Medium,High,Low,Low
R0504,Short,Moderate,Medium,Medium
R0505,Medium,Low,Low,Low
R0506,Short,Moderate,Low,Low
R0507,Short,Moderate,Medium,Medium
R0508,Short,Moderate,Low,Medium
R0509,Long,Moderate,Medium,High
R0510,Long,Low,Medium,Medium
R0511,Long,High,Low,Medium
R0512,Medium,High,Low,Low
R0513,Long,Low,Medium,Medium
R0514,Long,High,High,High
R0515,Short,Low,High,Medium
R0516,Short,Moderate,High,Low
R0517,Medium,Moderate,Medium,Medium
R0518,Short,Moderate,Medium,Low
R0519,Short,Moderate,Low,Low
R0520,Long,Moderate,Medium,Medium
R0521,Short,Low,High,Medium
R0522,Long,Moderate,High,Medium
R0523,Long,Low,Medium,Medium
R0524,Medium,Moderate,Medium,Low
R0525,Short,Moderate,High,Low
R0526,Long,High,High,High
R0527,Medium,High,Medium,High
R0528,Long,Moderate,Medium,Medium
R0529,Long,High,Medium,Medium
R0530,Short,Low,High,Low
R0531,Long,Moderate,Medium,Medium
R0532,Short,Moderate,Medium,Low
R0533,Short,Moderate,High,Medium
R0534,Medium,High,Medium,High
R0535,Long,Low,High,Medium
R0536,Short,Low,Low,Low
R0537,Long,Moderate,Medium,Medium
R0538,Long,Low,High,Medium
R0539,Long,High,High,High
R0540,Medium,Low,Medium,Low
R0541,Short,High,Low,Low
R0542,Medium,Moderate,Low,Medium
R0543,Long,High,Medium,High
R0544,Long,High,Medium,Medium
R0545,Medium,Low,Medium,Medium
R0546,Short,Low,High,Low
R0547,Medium,High,Medium,Medium
R0548,Short,Low,Medium,Low
R0549,Medium,High,Low,Medium
R0550,Long,Low,Medium,Medium
R0551,Long,Low,Medium,Medium
R0552,Short,Moderate,High,Medium
R0553,Medium,Low,Medium,Medium
R0554,Long,Moderate,High,High
R0555,Medium,Low,Low,Low
R0556,Short,Low,Low,Medium
R0557,Medium,Moderate,Medium,Medium
R0558,Medium,Low,High,Medium
R0559,Medium,Low,High,Medium
R0560,Medium,Low,High,Medium
R0561,Short,Low,Medium,Low
R0562,Short,High,Medium,Medium
R0563,Short,Moderate,Low,Low
R0564,Long,Moderate,High,High
R0565,Short,Low,Low,Medium
R0566,Medium,Moderate,Low,Medium
R0567,Medium,Low,Low,Low
R0568,Short,Moderate,High,Medium
R0569,Short,Low,Low,Low
R0570,Short,Moderate,Low,Low
R0571,Medium,Moderate,Medium,Low
R0572,Long,Low,Low,Medium
R0573,Short,High,High,High
R0574,Medium,Low,Low,Low
R0575,Medium,Low,Low,Low
R0576,Short,Moderate,Medium,High
R0577,Short,High,High,Medium
R0578,Short,High,Medium,Medium
R0579,Short,High,Medium,Medium
R0580,Long,Moderate,Medium,Medium
R0581,Long,Moderate,Medium,Medium
R0582,Short,Moderate,Medium,Low
R0583,Long,Moderate,Low,Low
R0584,Long,Low,Low,Low
R0585,Short,Low,Low,Medium
R0586,Medium,Low,Medium,Low
R0587,Long,Low,Medium,Medium
R0588,Medium,Low,Low,Low
R0589,Medium,Moderate,Low,Medium
R0590,Short,Moderate,High,Medium
R0591,Long,Moderate,High,High
R0592,Long,Moderate,High,High
R0593,Medium,Moderate,High,High
R0594,Medium,Moderate,Medium,Medium
R0595,Short,Low,Medium,Low
R0596,Long,Low,Medium,Medium
R0597,Medium,Moderate,Medium,High
R0598,Medium,High,Low,Medium
R0599,Long,High,Low,Medium
R0600,Long,Moderate,Low,Low
